team,matches_played,wins,draws,goals_scored,goals_conceded,losses,win_rate,draw_rate,loss_rate,avg_goals_scored,avg_goals_conceded,goal_difference
Abkhazia,33.0,15.0,13.0,54.0,26.0,5.0,0.45454545454545453,0.3939393939393939,0.15151515151515152,1.6363636363636365,0.7878787878787878,28.0
Afghanistan,147.0,36.0,34.0,142.0,293.0,77.0,0.24489795918367346,0.23129251700680273,0.5238095238095238,0.9659863945578231,1.9931972789115646,-151.0
Albania,398.0,110.0,84.0,377.0,589.0,204.0,0.27638190954773867,0.21105527638190955,0.5125628140703518,0.9472361809045227,1.479899497487437,-212.0
Alderney,135.0,5.0,2.0,73.0,620.0,128.0,0.037037037037037035,0.014814814814814815,0.9481481481481482,0.5407407407407407,4.592592592592593,-547.0
Algeria,621.0,289.0,163.0,958.0,622.0,169.0,0.46537842190016104,0.26247987117552335,0.2721417069243156,1.5426731078904992,1.001610305958132,336.0
Ambazonia,6.0,0.0,1.0,3.0,17.0,5.0,0.0,0.16666666666666666,0.8333333333333334,0.5,2.8333333333333335,-14.0
American Samoa,55.0,4.0,2.0,33.0,357.0,49.0,0.07272727272727272,0.03636363636363636,0.8909090909090909,0.6,6.490909090909091,-324.0
Andalusia,13.0,8.0,4.0,25.0,14.0,1.0,0.6153846153846154,0.3076923076923077,0.07692307692307693,1.9230769230769231,1.0769230769230769,11.0
Andorra,229.0,14.0,31.0,75.0,543.0,184.0,0.0611353711790393,0.13537117903930132,0.8034934497816594,0.32751091703056767,2.37117903930131,-468.0
Angola,415.0,141.0,148.0,470.0,428.0,126.0,0.3397590361445783,0.3566265060240964,0.3036144578313253,1.1325301204819278,1.0313253012048194,42.0
Anguilla,91.0,7.0,9.0,52.0,349.0,75.0,0.07692307692307693,0.0989010989010989,0.8241758241758241,0.5714285714285714,3.8351648351648353,-297.0
Antigua and Barbuda,231.0,71.0,43.0,306.0,423.0,117.0,0.30735930735930733,0.18614718614718614,0.5064935064935064,1.3246753246753247,1.8311688311688312,-117.0
Arameans Suryoye,10.0,5.0,2.0,16.0,12.0,3.0,0.5,0.2,0.3,1.6,1.2,4.0
Argentina,1073.0,595.0,257.0,2036.0,1076.0,221.0,0.554520037278658,0.23951537744641194,0.2059645852749301,1.8974836905871388,1.0027958993476236,960.0
Armenia,272.0,65.0,57.0,274.0,499.0,150.0,0.23897058823529413,0.20955882352941177,0.5514705882352942,1.0073529411764706,1.8345588235294117,-225.0
Artsakh,11.0,6.0,2.0,32.0,14.0,3.0,0.5454545454545454,0.18181818181818182,0.2727272727272727,2.909090909090909,1.2727272727272727,18.0
Aruba,152.0,32.0,31.0,199.0,357.0,89.0,0.21052631578947367,0.20394736842105263,0.5855263157894737,1.3092105263157894,2.348684210526316,-158.0
Asturias,1.0,1.0,0.0,3.0,1.0,0.0,1.0,0.0,0.0,3.0,1.0,2.0
Australia,585.0,297.0,124.0,1169.0,621.0,164.0,0.5076923076923077,0.21196581196581196,0.28034188034188035,1.9982905982905983,1.0615384615384615,548.0
Austria,864.0,368.0,185.0,1547.0,1324.0,311.0,0.42592592592592593,0.21412037037037038,0.3599537037037037,1.7905092592592593,1.5324074074074074,223.0
Aymara,2.0,0.0,0.0,1.0,4.0,2.0,0.0,0.0,1.0,0.5,2.0,-3.0
Azerbaijan,310.0,61.0,79.0,238.0,520.0,170.0,0.1967741935483871,0.25483870967741934,0.5483870967741935,0.7677419354838709,1.6774193548387097,-282.0
Bahamas,67.0,14.0,10.0,75.0,213.0,43.0,0.208955223880597,0.14925373134328357,0.6417910447761194,1.1194029850746268,3.1791044776119404,-138.0
Bahrain,584.0,207.0,154.0,725.0,756.0,223.0,0.3544520547945205,0.2636986301369863,0.3818493150684932,1.2414383561643836,1.2945205479452055,-31.0
Bangladesh,305.0,80.0,66.0,276.0,556.0,159.0,0.26229508196721313,0.21639344262295082,0.521311475409836,0.9049180327868852,1.8229508196721311,-280.0
Barawa,12.0,3.0,0.0,16.0,46.0,9.0,0.25,0.0,0.75,1.3333333333333333,3.8333333333333335,-30.0
Barbados,302.0,94.0,67.0,393.0,527.0,141.0,0.31125827814569534,0.22185430463576158,0.46688741721854304,1.3013245033112584,1.7450331125827814,-134.0
Basque Country,64.0,39.0,13.0,164.0,89.0,12.0,0.609375,0.203125,0.1875,2.5625,1.390625,75.0
Belarus,315.0,94.0,80.0,363.0,464.0,141.0,0.2984126984126984,0.25396825396825395,0.44761904761904764,1.1523809523809523,1.4730158730158731,-101.0
Belgium,858.0,384.0,183.0,1559.0,1294.0,291.0,0.44755244755244755,0.21328671328671328,0.33916083916083917,1.817016317016317,1.508158508158508,265.0
Belize,121.0,31.0,20.0,133.0,233.0,70.0,0.256198347107438,0.1652892561983471,0.5785123966942148,1.0991735537190082,1.9256198347107438,-100.0
Benin,325.0,84.0,79.0,352.0,561.0,162.0,0.25846153846153846,0.24307692307692308,0.49846153846153846,1.083076923076923,1.7261538461538461,-209.0
Bermuda,198.0,68.0,33.0,328.0,349.0,97.0,0.3434343434343434,0.16666666666666666,0.4898989898989899,1.6565656565656566,1.7626262626262625,-21.0
Bhutan,110.0,11.0,7.0,61.0,402.0,92.0,0.1,0.06363636363636363,0.8363636363636363,0.5545454545454546,3.6545454545454548,-341.0
Biafra,3.0,2.0,0.0,2.0,1.0,1.0,0.6666666666666666,0.0,0.3333333333333333,0.6666666666666666,0.3333333333333333,1.0
Bolivia,534.0,119.0,119.0,545.0,1051.0,296.0,0.22284644194756553,0.22284644194756553,0.5543071161048689,1.0205992509363295,1.9681647940074907,-506.0
Bonaire,44.0,14.0,6.0,63.0,109.0,24.0,0.3181818181818182,0.13636363636363635,0.5454545454545454,1.4318181818181819,2.477272727272727,-46.0
Bosnia and Herzegovina,287.0,105.0,68.0,393.0,396.0,114.0,0.36585365853658536,0.23693379790940766,0.397212543554007,1.3693379790940767,1.3797909407665505,-3.0
Botswana,332.0,90.0,92.0,268.0,426.0,150.0,0.2710843373493976,0.27710843373493976,0.45180722891566266,0.8072289156626506,1.283132530120482,-158.0
Brazil,1064.0,675.0,217.0,2314.0,959.0,172.0,0.6343984962406015,0.20394736842105263,0.16165413533834586,2.174812030075188,0.9013157894736842,1355.0
British Virgin Islands,123.0,22.0,22.0,114.0,362.0,79.0,0.17886178861788618,0.17886178861788618,0.6422764227642277,0.926829268292683,2.9430894308943087,-248.0
Brittany,12.0,6.0,3.0,18.0,15.0,3.0,0.5,0.25,0.25,1.5,1.25,3.0
Brunei,137.0,22.0,11.0,107.0,449.0,104.0,0.16058394160583941,0.08029197080291971,0.7591240875912408,0.781021897810219,3.2773722627737225,-342.0
Bulgaria,736.0,262.0,188.0,1016.0,1105.0,286.0,0.35597826086956524,0.2554347826086957,0.38858695652173914,1.3804347826086956,1.5013586956521738,-89.0
Burkina Faso,464.0,164.0,123.0,580.0,617.0,177.0,0.35344827586206895,0.2650862068965517,0.38146551724137934,1.25,1.3297413793103448,-37.0
Burundi,218.0,65.0,52.0,237.0,295.0,101.0,0.2981651376146789,0.23853211009174313,0.463302752293578,1.0871559633027523,1.353211009174312,-58.0
Cambodia,295.0,65.0,41.0,330.0,760.0,189.0,0.22033898305084745,0.13898305084745763,0.6406779661016949,1.11864406779661,2.5762711864406778,-430.0
Cameroon,616.0,271.0,192.0,866.0,640.0,153.0,0.43993506493506496,0.3116883116883117,0.2483766233766234,1.405844155844156,1.0389610389610389,226.0
Canada,474.0,181.0,109.0,617.0,615.0,184.0,0.3818565400843882,0.229957805907173,0.3881856540084388,1.3016877637130801,1.2974683544303798,2.0
Canary Islands,4.0,3.0,0.0,11.0,3.0,1.0,0.75,0.0,0.25,2.75,0.75,8.0
Cape Verde,239.0,89.0,59.0,260.0,267.0,91.0,0.3723849372384937,0.24686192468619247,0.3807531380753138,1.0878661087866108,1.1171548117154813,-7.0
Cascadia,7.0,4.0,1.0,23.0,14.0,2.0,0.5714285714285714,0.14285714285714285,0.2857142857142857,3.2857142857142856,2.0,9.0
Catalonia,48.0,19.0,12.0,75.0,84.0,17.0,0.3958333333333333,0.25,0.3541666666666667,1.5625,1.75,-9.0
Cayman Islands,120.0,25.0,21.0,118.0,294.0,74.0,0.20833333333333334,0.175,0.6166666666666667,0.9833333333333333,2.45,-176.0
Central African Republic,138.0,29.0,29.0,146.0,263.0,80.0,0.21014492753623187,0.21014492753623187,0.5797101449275363,1.0579710144927537,1.9057971014492754,-117.0
Central Spain,2.0,1.0,0.0,2.0,4.0,1.0,0.5,0.0,0.5,1.0,2.0,-2.0
Chad,138.0,26.0,34.0,117.0,238.0,78.0,0.18840579710144928,0.2463768115942029,0.5652173913043478,0.8478260869565217,1.7246376811594204,-121.0
Chagos Islands,16.0,3.0,2.0,28.0,76.0,11.0,0.1875,0.125,0.6875,1.75,4.75,-48.0
Chameria,7.0,3.0,2.0,14.0,8.0,2.0,0.42857142857142855,0.2857142857142857,0.2857142857142857,2.0,1.1428571428571428,6.0
Chechnya,3.0,0.0,1.0,3.0,29.0,2.0,0.0,0.3333333333333333,0.6666666666666666,1.0,9.666666666666666,-26.0
Chile,835.0,316.0,179.0,1177.0,1187.0,340.0,0.3784431137724551,0.21437125748502994,0.40718562874251496,1.4095808383233532,1.421556886227545,-10.0
China,702.0,339.0,154.0,1285.0,768.0,209.0,0.4829059829059829,0.21937321937321938,0.29772079772079774,1.8304843304843306,1.0940170940170941,517.0
Cilento,1.0,0.0,0.0,0.0,2.0,1.0,0.0,0.0,1.0,0.0,2.0,-2.0
Colombia,642.0,260.0,177.0,827.0,737.0,205.0,0.40498442367601245,0.2757009345794392,0.31931464174454827,1.2881619937694704,1.14797507788162,90.0
Comoros,151.0,36.0,35.0,134.0,244.0,80.0,0.23841059602649006,0.23178807947019867,0.5298013245033113,0.8874172185430463,1.6158940397350994,-110.0
Congo,406.0,134.0,99.0,523.0,598.0,173.0,0.33004926108374383,0.2438423645320197,0.42610837438423643,1.2881773399014778,1.4729064039408868,-75.0
Cook Islands,53.0,11.0,4.0,43.0,264.0,38.0,0.20754716981132076,0.07547169811320754,0.7169811320754716,0.8113207547169812,4.981132075471698,-221.0
Corsica,9.0,4.0,4.0,10.0,5.0,1.0,0.4444444444444444,0.4444444444444444,0.1111111111111111,1.1111111111111112,0.5555555555555556,5.0
Costa Rica,724.0,316.0,178.0,1238.0,858.0,230.0,0.43646408839779005,0.24585635359116023,0.31767955801104975,1.7099447513812154,1.1850828729281768,380.0
County of Nice,9.0,6.0,1.0,19.0,13.0,2.0,0.6666666666666666,0.1111111111111111,0.2222222222222222,2.111111111111111,1.4444444444444444,6.0
Crimea,5.0,3.0,0.0,7.0,11.0,2.0,0.6,0.0,0.4,1.4,2.2,-4.0
Croatia,400.0,211.0,104.0,694.0,407.0,85.0,0.5275,0.26,0.2125,1.735,1.0175,287.0
Cuba,397.0,139.0,90.0,532.0,605.0,168.0,0.3501259445843829,0.22670025188916876,0.42317380352644834,1.3400503778337531,1.5239294710327456,-73.0
Curaçao,388.0,143.0,101.0,636.0,617.0,144.0,0.36855670103092786,0.2603092783505155,0.3711340206185567,1.6391752577319587,1.5902061855670102,19.0
Cyprus,426.0,82.0,72.0,375.0,927.0,272.0,0.19248826291079812,0.16901408450704225,0.6384976525821596,0.8802816901408451,2.176056338028169,-552.0
Czech Republic,363.0,191.0,73.0,645.0,374.0,99.0,0.5261707988980716,0.20110192837465565,0.2727272727272727,1.7768595041322315,1.0303030303030303,271.0
Czechoslovakia,520.0,236.0,119.0,984.0,721.0,165.0,0.45384615384615384,0.22884615384615384,0.3173076923076923,1.8923076923076922,1.3865384615384615,263.0
DR Congo,528.0,207.0,145.0,784.0,632.0,176.0,0.39204545454545453,0.2746212121212121,0.3333333333333333,1.4848484848484849,1.196969696969697,152.0
Darfur,7.0,0.0,0.0,1.0,99.0,7.0,0.0,0.0,1.0,0.14285714285714285,14.142857142857142,-98.0
Denmark,874.0,402.0,185.0,1587.0,1173.0,287.0,0.459954233409611,0.2116704805491991,0.32837528604118993,1.8157894736842106,1.3421052631578947,414.0
Djibouti,111.0,7.0,10.0,74.0,401.0,94.0,0.06306306306306306,0.09009009009009009,0.8468468468468469,0.6666666666666666,3.6126126126126126,-327.0
Dominica,215.0,52.0,46.0,250.0,436.0,117.0,0.24186046511627907,0.21395348837209302,0.5441860465116279,1.1627906976744187,2.027906976744186,-186.0
Dominican Republic,159.0,62.0,26.0,266.0,254.0,71.0,0.389937106918239,0.16352201257861634,0.44654088050314467,1.6729559748427674,1.5974842767295598,12.0
Donetsk PR,6.0,2.0,2.0,8.0,7.0,2.0,0.3333333333333333,0.3333333333333333,0.3333333333333333,1.3333333333333333,1.1666666666666667,1.0
Délvidék,2.0,1.0,0.0,4.0,3.0,1.0,0.5,0.0,0.5,2.0,1.5,1.0
East Turkestan,5.0,2.0,0.0,15.0,16.0,3.0,0.4,0.0,0.6,3.0,3.2,-1.0
Ecuador,595.0,184.0,158.0,719.0,907.0,253.0,0.3092436974789916,0.26554621848739496,0.42521008403361343,1.2084033613445377,1.5243697478991596,-188.0
Egypt,760.0,380.0,187.0,1230.0,769.0,193.0,0.5,0.24605263157894736,0.25394736842105264,1.618421052631579,1.0118421052631579,461.0
El Salvador,614.0,200.0,138.0,766.0,933.0,276.0,0.3257328990228013,0.2247557003257329,0.4495114006514658,1.247557003257329,1.519543973941368,-167.0
Elba Island,2.0,2.0,0.0,9.0,2.0,0.0,1.0,0.0,0.0,4.5,1.0,7.0
Ellan Vannin,22.0,11.0,5.0,54.0,32.0,6.0,0.5,0.22727272727272727,0.2727272727272727,2.4545454545454546,1.4545454545454546,22.0
England,1095.0,628.0,259.0,2389.0,1044.0,208.0,0.5735159817351598,0.2365296803652968,0.18995433789954339,2.1817351598173516,0.9534246575342465,1345.0
Equatorial Guinea,179.0,49.0,40.0,156.0,262.0,90.0,0.2737430167597765,0.22346368715083798,0.5027932960893855,0.8715083798882681,1.4636871508379887,-106.0
Eritrea,71.0,11.0,16.0,48.0,121.0,44.0,0.15492957746478872,0.22535211267605634,0.6197183098591549,0.676056338028169,1.704225352112676,-73.0
Estonia,550.0,136.0,122.0,544.0,974.0,292.0,0.24727272727272728,0.22181818181818183,0.5309090909090909,0.9890909090909091,1.770909090909091,-430.0
Eswatini,274.0,55.0,83.0,231.0,455.0,136.0,0.20072992700729927,0.3029197080291971,0.49635036496350365,0.843065693430657,1.6605839416058394,-224.0
Ethiopia,409.0,144.0,93.0,549.0,595.0,172.0,0.35207823960880197,0.2273838630806846,0.42053789731051344,1.3422982885085575,1.4547677261613692,-46.0
Falkland Islands,33.0,6.0,1.0,31.0,121.0,26.0,0.18181818181818182,0.030303030303030304,0.7878787878787878,0.9393939393939394,3.6666666666666665,-90.0
Faroe Islands,287.0,57.0,36.0,240.0,644.0,194.0,0.1986062717770035,0.1254355400696864,0.6759581881533101,0.8362369337979094,2.2439024390243905,-404.0
Felvidék,12.0,5.0,2.0,14.0,20.0,5.0,0.4166666666666667,0.16666666666666666,0.4166666666666667,1.1666666666666667,1.6666666666666667,-6.0
Fiji,268.0,116.0,48.0,608.0,439.0,104.0,0.43283582089552236,0.1791044776119403,0.3880597014925373,2.2686567164179103,1.6380597014925373,169.0
Finland,818.0,216.0,166.0,960.0,1675.0,436.0,0.26405867970660146,0.20293398533007334,0.5330073349633252,1.17359413202934,2.047677261613692,-715.0
France,940.0,481.0,195.0,1728.0,1211.0,264.0,0.5117021276595745,0.2074468085106383,0.28085106382978725,1.8382978723404255,1.2882978723404255,517.0
Franconia,3.0,2.0,0.0,8.0,11.0,1.0,0.6666666666666666,0.0,0.3333333333333333,2.6666666666666665,3.6666666666666665,-3.0
French Guiana,179.0,54.0,39.0,267.0,306.0,86.0,0.3016759776536313,0.21787709497206703,0.48044692737430167,1.4916201117318435,1.7094972067039107,-39.0
Frøya,37.0,7.0,2.0,60.0,146.0,28.0,0.1891891891891892,0.05405405405405406,0.7567567567567568,1.6216216216216217,3.945945945945946,-86.0
Gabon,405.0,141.0,114.0,477.0,484.0,150.0,0.34814814814814815,0.2814814814814815,0.37037037037037035,1.1777777777777778,1.1950617283950618,-7.0
Galicia,12.0,5.0,3.0,21.0,23.0,4.0,0.4166666666666667,0.25,0.3333333333333333,1.75,1.9166666666666667,-2.0
Gambia,266.0,73.0,75.0,279.0,370.0,118.0,0.2744360902255639,0.2819548872180451,0.44360902255639095,1.0488721804511278,1.3909774436090225,-91.0
Georgia,307.0,100.0,65.0,383.0,431.0,142.0,0.3257328990228013,0.21172638436482086,0.46254071661237783,1.247557003257329,1.4039087947882736,-48.0
German DR,298.0,140.0,66.0,506.0,361.0,92.0,0.4697986577181208,0.2214765100671141,0.3087248322147651,1.6979865771812082,1.2114093959731544,145.0
Germany,1035.0,601.0,214.0,2331.0,1203.0,220.0,0.5806763285024155,0.20676328502415459,0.21256038647342995,2.252173913043478,1.1623188405797102,1128.0
Ghana,675.0,312.0,176.0,1054.0,702.0,187.0,0.4622222222222222,0.2607407407407407,0.277037037037037,1.5614814814814815,1.04,352.0
Gibraltar,160.0,40.0,20.0,181.0,396.0,100.0,0.25,0.125,0.625,1.13125,2.475,-215.0
Gotland,30.0,11.0,4.0,81.0,57.0,15.0,0.36666666666666664,0.13333333333333333,0.5,2.7,1.9,24.0
Gozo,14.0,4.0,2.0,31.0,28.0,8.0,0.2857142857142857,0.14285714285714285,0.5714285714285714,2.2142857142857144,2.0,3.0
Greece,633.0,240.0,155.0,794.0,878.0,238.0,0.3791469194312796,0.24486571879936808,0.37598736176935227,1.25434439178515,1.387045813586098,-84.0
Greenland,77.0,25.0,10.0,145.0,159.0,42.0,0.3246753246753247,0.12987012987012986,0.5454545454545454,1.8831168831168832,2.064935064935065,-14.0
Grenada,260.0,86.0,56.0,422.0,484.0,118.0,0.33076923076923076,0.2153846153846154,0.45384615384615384,1.623076923076923,1.8615384615384616,-62.0
Guadeloupe,271.0,115.0,47.0,463.0,390.0,109.0,0.42435424354243545,0.17343173431734318,0.4022140221402214,1.7084870848708487,1.4391143911439115,73.0
Guam,123.0,25.0,11.0,140.0,603.0,87.0,0.2032520325203252,0.08943089430894309,0.7073170731707317,1.1382113821138211,4.902439024390244,-463.0
Guatemala,554.0,199.0,140.0,774.0,763.0,215.0,0.3592057761732852,0.2527075812274368,0.388086642599278,1.3971119133574008,1.3772563176895307,11.0
Guernsey,240.0,145.0,25.0,616.0,313.0,70.0,0.6041666666666666,0.10416666666666667,0.2916666666666667,2.566666666666667,1.3041666666666667,303.0
Guinea,539.0,200.0,153.0,730.0,660.0,186.0,0.37105751391465674,0.28385899814471244,0.3450834879406308,1.3543599257884973,1.2244897959183674,70.0
Guinea-Bissau,190.0,52.0,44.0,189.0,280.0,94.0,0.2736842105263158,0.23157894736842105,0.49473684210526314,0.9947368421052631,1.4736842105263157,-91.0
Guyana,313.0,103.0,61.0,428.0,550.0,149.0,0.329073482428115,0.19488817891373802,0.476038338658147,1.3674121405750799,1.7571884984025559,-122.0
Găgăuzia,3.0,0.0,1.0,2.0,9.0,2.0,0.0,0.3333333333333333,0.6666666666666666,0.6666666666666666,3.0,-7.0
Haiti,513.0,216.0,110.0,840.0,694.0,187.0,0.42105263157894735,0.21442495126705652,0.3645224171539961,1.6374269005847952,1.3528265107212476,146.0
Hitra,23.0,6.0,1.0,37.0,92.0,16.0,0.2608695652173913,0.043478260869565216,0.6956521739130435,1.608695652173913,4.0,-55.0
Hmong,3.0,1.0,0.0,6.0,10.0,2.0,0.3333333333333333,0.0,0.6666666666666666,2.0,3.3333333333333335,-4.0
Honduras,620.0,247.0,161.0,909.0,798.0,212.0,0.39838709677419354,0.25967741935483873,0.3419354838709677,1.4661290322580645,1.2870967741935484,111.0
Hong Kong,447.0,143.0,96.0,648.0,732.0,208.0,0.319910514541387,0.21476510067114093,0.465324384787472,1.4496644295302012,1.6375838926174497,-84.0
Hungary,1006.0,472.0,222.0,2011.0,1483.0,312.0,0.4691848906560636,0.220675944333996,0.3101391650099404,1.9990059642147118,1.474155069582505,528.0
Iceland,522.0,159.0,102.0,632.0,876.0,261.0,0.3045977011494253,0.19540229885057472,0.5,1.210727969348659,1.6781609195402298,-244.0
India,534.0,190.0,120.0,730.0,862.0,224.0,0.35580524344569286,0.2247191011235955,0.41947565543071164,1.3670411985018727,1.6142322097378277,-132.0
Indonesia,728.0,282.0,143.0,1213.0,1176.0,303.0,0.3873626373626374,0.19642857142857142,0.41620879120879123,1.6662087912087913,1.6153846153846154,37.0
Iran,615.0,349.0,147.0,1158.0,486.0,119.0,0.567479674796748,0.23902439024390243,0.19349593495934958,1.8829268292682926,0.7902439024390244,672.0
Iraq,658.0,304.0,188.0,1006.0,621.0,166.0,0.46200607902735563,0.2857142857142857,0.25227963525835867,1.5288753799392096,0.9437689969604863,385.0
Iraqi Kurdistan,27.0,13.0,8.0,61.0,27.0,6.0,0.48148148148148145,0.2962962962962963,0.2222222222222222,2.259259259259259,1.0,34.0
Isle of Man,58.0,35.0,4.0,186.0,87.0,19.0,0.603448275862069,0.06896551724137931,0.3275862068965517,3.206896551724138,1.5,99.0
Isle of Wight,48.0,26.0,7.0,113.0,60.0,15.0,0.5416666666666666,0.14583333333333334,0.3125,2.3541666666666665,1.25,53.0
Israel,498.0,181.0,116.0,750.0,737.0,201.0,0.3634538152610442,0.23293172690763053,0.4036144578313253,1.5060240963855422,1.4799196787148594,13.0
Italy,893.0,477.0,243.0,1565.0,876.0,173.0,0.5341545352743561,0.2721164613661814,0.1937290033594625,1.7525195968645018,0.9809630459126539,689.0
Ivory Coast,640.0,327.0,162.0,1047.0,638.0,151.0,0.5109375,0.253125,0.2359375,1.6359375,0.996875,409.0
Jamaica,663.0,258.0,154.0,882.0,874.0,251.0,0.3891402714932127,0.23227752639517346,0.37858220211161386,1.330316742081448,1.3182503770739065,8.0
Japan,794.0,391.0,167.0,1451.0,915.0,236.0,0.4924433249370277,0.21032745591939547,0.2972292191435768,1.827455919395466,1.1523929471032746,536.0
Jersey,235.0,153.0,20.0,645.0,285.0,62.0,0.6510638297872341,0.0851063829787234,0.26382978723404255,2.74468085106383,1.2127659574468086,360.0
Jordan,488.0,180.0,134.0,622.0,549.0,174.0,0.36885245901639346,0.27459016393442626,0.35655737704918034,1.2745901639344261,1.125,73.0
Kabylia,6.0,1.0,2.0,8.0,15.0,3.0,0.16666666666666666,0.3333333333333333,0.5,1.3333333333333333,2.5,-7.0
Kazakhstan,269.0,71.0,60.0,309.0,444.0,138.0,0.26394052044609667,0.22304832713754646,0.5130111524163569,1.1486988847583643,1.6505576208178439,-135.0
Kenya,706.0,268.0,176.0,978.0,958.0,262.0,0.37960339943342775,0.24929178470254956,0.37110481586402266,1.385269121813031,1.3569405099150142,20.0
Kernow,12.0,7.0,2.0,32.0,19.0,3.0,0.5833333333333334,0.16666666666666666,0.25,2.6666666666666665,1.5833333333333333,13.0
Kiribati,11.0,0.0,1.0,7.0,126.0,10.0,0.0,0.09090909090909091,0.9090909090909091,0.6363636363636364,11.454545454545455,-119.0
Kosovo,104.0,42.0,23.0,152.0,139.0,39.0,0.40384615384615385,0.22115384615384615,0.375,1.4615384615384615,1.3365384615384615,13.0
Kurdistan,5.0,4.0,1.0,12.0,2.0,0.0,0.8,0.2,0.0,2.4,0.4,10.0
Kuwait,684.0,285.0,179.0,1067.0,770.0,220.0,0.4166666666666667,0.26169590643274854,0.3216374269005848,1.5599415204678362,1.1257309941520468,297.0
Kyrgyzstan,191.0,57.0,33.0,220.0,321.0,101.0,0.29842931937172773,0.17277486910994763,0.5287958115183246,1.1518324607329844,1.6806282722513088,-101.0
Kárpátalja,11.0,5.0,5.0,25.0,13.0,1.0,0.45454545454545453,0.45454545454545453,0.09090909090909091,2.272727272727273,1.1818181818181819,12.0
Laos,224.0,42.0,34.0,227.0,701.0,148.0,0.1875,0.15178571428571427,0.6607142857142857,1.0133928571428572,3.1294642857142856,-474.0
Latvia,461.0,128.0,111.0,541.0,764.0,222.0,0.27765726681127983,0.24078091106290672,0.48156182212581344,1.17353579175705,1.6572668112798266,-223.0
Lebanon,333.0,93.0,92.0,385.0,469.0,148.0,0.27927927927927926,0.27627627627627627,0.4444444444444444,1.1561561561561562,1.4084084084084083,-84.0
Lesotho,296.0,54.0,94.0,230.0,466.0,148.0,0.18243243243243243,0.31756756756756754,0.5,0.777027027027027,1.5743243243243243,-236.0
Liberia,302.0,79.0,70.0,270.0,445.0,153.0,0.26158940397350994,0.23178807947019867,0.5066225165562914,0.8940397350993378,1.4735099337748345,-175.0
Libya,384.0,143.0,92.0,500.0,466.0,149.0,0.3723958333333333,0.23958333333333334,0.3880208333333333,1.3020833333333333,1.2135416666666667,34.0
Liechtenstein,259.0,19.0,32.0,105.0,726.0,208.0,0.07335907335907337,0.12355212355212356,0.803088803088803,0.40540540540540543,2.8030888030888033,-621.0
Lithuania,433.0,111.0,84.0,431.0,786.0,238.0,0.25635103926096997,0.19399538106235567,0.5496535796766744,0.9953810623556582,1.8152424942263279,-355.0
Luhansk PR,6.0,2.0,1.0,9.0,12.0,3.0,0.3333333333333333,0.16666666666666666,0.5,1.5,2.0,-3.0
Luxembourg,467.0,50.0,63.0,296.0,1204.0,354.0,0.10706638115631692,0.1349036402569593,0.7580299785867237,0.6338329764453962,2.5781584582441113,-908.0
Macau,148.0,21.0,16.0,114.0,458.0,111.0,0.14189189189189189,0.10810810810810811,0.75,0.7702702702702703,3.0945945945945947,-344.0
Madagascar,320.0,118.0,73.0,434.0,484.0,129.0,0.36875,0.228125,0.403125,1.35625,1.5125,-50.0
Madrid,1.0,0.0,0.0,1.0,2.0,1.0,0.0,0.0,1.0,1.0,2.0,-1.0
Malawi,644.0,219.0,182.0,753.0,832.0,243.0,0.34006211180124224,0.2826086956521739,0.37732919254658387,1.1692546583850931,1.2919254658385093,-79.0
Malaysia,835.0,327.0,192.0,1363.0,1211.0,316.0,0.3916167664670659,0.22994011976047904,0.3784431137724551,1.6323353293413174,1.4502994011976047,152.0
Maldives,233.0,63.0,38.0,277.0,526.0,132.0,0.2703862660944206,0.1630901287553648,0.5665236051502146,1.1888412017167382,2.257510729613734,-249.0
Mali,569.0,232.0,151.0,746.0,626.0,186.0,0.4077328646748682,0.26537785588752194,0.3268892794376098,1.311072056239016,1.1001757469244289,120.0
Malta,458.0,65.0,78.0,298.0,1027.0,315.0,0.14192139737991266,0.1703056768558952,0.6877729257641921,0.6506550218340611,2.2423580786026203,-729.0
Manchukuo,3.0,0.0,0.0,0.0,16.0,3.0,0.0,0.0,1.0,0.0,5.333333333333333,-16.0
Mapuche,2.0,1.0,0.0,3.0,2.0,1.0,0.5,0.0,0.5,1.5,1.0,1.0
Marshall Islands,2.0,0.0,0.0,2.0,7.0,2.0,0.0,0.0,1.0,1.0,3.5,-5.0
Martinique,331.0,145.0,85.0,586.0,431.0,101.0,0.4380664652567976,0.256797583081571,0.30513595166163143,1.770392749244713,1.3021148036253776,155.0
Matabeleland,8.0,3.0,2.0,7.0,14.0,3.0,0.375,0.25,0.375,0.875,1.75,-7.0
Maule Sur,2.0,2.0,0.0,2.0,0.0,0.0,1.0,0.0,0.0,1.0,0.0,2.0
Mauritania,273.0,52.0,71.0,198.0,434.0,150.0,0.19047619047619047,0.2600732600732601,0.5494505494505495,0.7252747252747253,1.5897435897435896,-236.0
Mauritius,325.0,91.0,72.0,412.0,523.0,162.0,0.28,0.22153846153846155,0.49846153846153846,1.2676923076923077,1.6092307692307692,-111.0
Mayotte,38.0,11.0,11.0,51.0,56.0,16.0,0.2894736842105263,0.2894736842105263,0.42105263157894735,1.3421052631578947,1.4736842105263157,-5.0
Menorca,25.0,11.0,6.0,56.0,32.0,8.0,0.44,0.24,0.32,2.24,1.28,24.0
Mexico,1008.0,518.0,231.0,1775.0,1054.0,259.0,0.5138888888888888,0.22916666666666666,0.2569444444444444,1.7609126984126984,1.0456349206349207,721.0
Micronesia,7.0,1.0,0.0,8.0,59.0,6.0,0.14285714285714285,0.0,0.8571428571428571,1.1428571428571428,8.428571428571429,-51.0
Moldova,299.0,58.0,70.0,243.0,522.0,171.0,0.1939799331103679,0.23411371237458195,0.5719063545150501,0.8127090301003345,1.745819397993311,-279.0
Monaco,24.0,8.0,6.0,41.0,88.0,10.0,0.3333333333333333,0.25,0.4166666666666667,1.7083333333333333,3.6666666666666665,-47.0
Mongolia,103.0,25.0,9.0,117.0,316.0,69.0,0.24271844660194175,0.08737864077669903,0.6699029126213593,1.1359223300970873,3.0679611650485437,-199.0
Montenegro,170.0,58.0,41.0,201.0,233.0,71.0,0.3411764705882353,0.2411764705882353,0.4176470588235294,1.1823529411764706,1.3705882352941177,-32.0
Montserrat,66.0,17.0,7.0,72.0,195.0,42.0,0.25757575757575757,0.10606060606060606,0.6363636363636364,1.0909090909090908,2.9545454545454546,-123.0
Morocco,622.0,308.0,174.0,923.0,498.0,140.0,0.49517684887459806,0.2797427652733119,0.22508038585209003,1.4839228295819935,0.8006430868167203,425.0
Mozambique,375.0,118.0,95.0,387.0,485.0,162.0,0.31466666666666665,0.25333333333333335,0.432,1.032,1.2933333333333332,-98.0
Myanmar,512.0,210.0,90.0,821.0,846.0,212.0,0.41015625,0.17578125,0.4140625,1.603515625,1.65234375,-25.0
Namibia,279.0,70.0,80.0,273.0,397.0,129.0,0.25089605734767023,0.2867383512544803,0.46236559139784944,0.978494623655914,1.4229390681003584,-124.0
Nepal,268.0,63.0,47.0,229.0,602.0,158.0,0.23507462686567165,0.17537313432835822,0.5895522388059702,0.8544776119402985,2.246268656716418,-373.0
Netherlands,883.0,455.0,200.0,1852.0,1081.0,228.0,0.5152887882219706,0.22650056625141562,0.2582106455266138,2.097395243488109,1.2242355605889015,771.0
New Caledonia,265.0,136.0,34.0,698.0,369.0,95.0,0.5132075471698113,0.12830188679245283,0.3584905660377358,2.6339622641509433,1.3924528301886792,329.0
New Zealand,419.0,172.0,74.0,733.0,634.0,173.0,0.4105011933174224,0.1766109785202864,0.4128878281622912,1.7494033412887828,1.5131264916467781,99.0
Nicaragua,222.0,51.0,27.0,234.0,534.0,144.0,0.22972972972972974,0.12162162162162163,0.6486486486486487,1.054054054054054,2.4054054054054053,-300.0
Niger,260.0,61.0,62.0,256.0,423.0,137.0,0.23461538461538461,0.23846153846153847,0.5269230769230769,0.9846153846153847,1.626923076923077,-167.0
Nigeria,661.0,311.0,192.0,1008.0,662.0,158.0,0.47049924357034795,0.29046898638426627,0.23903177004538578,1.524962178517398,1.0015128593040847,346.0
Niue,2.0,0.0,0.0,0.0,33.0,2.0,0.0,0.0,1.0,0.0,16.5,-33.0
North Korea,390.0,162.0,106.0,628.0,435.0,122.0,0.4153846153846154,0.2717948717948718,0.3128205128205128,1.6102564102564103,1.1153846153846154,193.0
North Macedonia,306.0,95.0,80.0,365.0,412.0,131.0,0.3104575163398693,0.26143790849673204,0.42810457516339867,1.1928104575163399,1.34640522875817,-47.0
North Vietnam,24.0,7.0,3.0,49.0,52.0,14.0,0.2916666666666667,0.125,0.5833333333333334,2.0416666666666665,2.1666666666666665,-3.0
Northern Cyprus,34.0,20.0,7.0,98.0,31.0,7.0,0.5882352941176471,0.20588235294117646,0.20588235294117646,2.8823529411764706,0.9117647058823529,67.0
Northern Ireland,707.0,185.0,160.0,741.0,1296.0,362.0,0.26166902404526166,0.2263083451202263,0.512022630834512,1.0480905233380482,1.833097595473833,-555.0
Northern Mariana Islands,30.0,4.0,3.0,27.0,129.0,23.0,0.13333333333333333,0.1,0.7666666666666667,0.9,4.3,-102.0
Norway,877.0,331.0,196.0,1361.0,1424.0,350.0,0.3774230330672748,0.2234891676168757,0.3990877993158495,1.5518814139110604,1.6237172177879133,-63.0
Occitania,33.0,19.0,6.0,103.0,38.0,8.0,0.5757575757575758,0.18181818181818182,0.24242424242424243,3.121212121212121,1.1515151515151516,65.0
Oman,543.0,206.0,137.0,701.0,683.0,200.0,0.37937384898710863,0.2523020257826888,0.3683241252302026,1.29097605893186,1.2578268876611418,18.0
Orkney,28.0,9.0,1.0,38.0,84.0,18.0,0.32142857142857145,0.03571428571428571,0.6428571428571429,1.3571428571428572,3.0,-46.0
Padania,45.0,30.0,8.0,121.0,36.0,7.0,0.6666666666666666,0.17777777777777778,0.15555555555555556,2.688888888888889,0.8,85.0
Pakistan,251.0,55.0,43.0,236.0,577.0,153.0,0.21912350597609562,0.17131474103585656,0.6095617529880478,0.9402390438247012,2.298804780876494,-341.0
Palau,2.0,0.0,0.0,4.0,21.0,2.0,0.0,0.0,1.0,2.0,10.5,-17.0
Palestine,249.0,74.0,70.0,332.0,346.0,105.0,0.2971887550200803,0.28112449799196787,0.42168674698795183,1.3333333333333333,1.3895582329317269,-14.0
Panama,542.0,183.0,133.0,679.0,826.0,226.0,0.3376383763837638,0.24538745387453875,0.41697416974169743,1.2527675276752768,1.5239852398523985,-147.0
Panjab,19.0,9.0,3.0,54.0,30.0,7.0,0.47368421052631576,0.15789473684210525,0.3684210526315789,2.8421052631578947,1.5789473684210527,24.0
Papua New Guinea,155.0,52.0,29.0,336.0,312.0,74.0,0.33548387096774196,0.1870967741935484,0.4774193548387097,2.167741935483871,2.0129032258064514,24.0
Paraguay,788.0,276.0,210.0,1006.0,1118.0,302.0,0.350253807106599,0.26649746192893403,0.383248730964467,1.2766497461928934,1.4187817258883249,-112.0
Parishes of Jersey,3.0,2.0,0.0,11.0,4.0,1.0,0.6666666666666666,0.0,0.3333333333333333,3.6666666666666665,1.3333333333333333,7.0
Peru,714.0,231.0,176.0,859.0,998.0,307.0,0.3235294117647059,0.24649859943977592,0.42997198879551823,1.2030812324929971,1.3977591036414565,-139.0
Philippines,342.0,93.0,54.0,413.0,779.0,195.0,0.2719298245614035,0.15789473684210525,0.5701754385964912,1.2076023391812865,2.2777777777777777,-366.0
Poland,892.0,384.0,225.0,1499.0,1201.0,283.0,0.4304932735426009,0.2522421524663677,0.3172645739910314,1.6804932735426008,1.3464125560538116,298.0
Portugal,700.0,351.0,161.0,1235.0,780.0,188.0,0.5014285714285714,0.23,0.26857142857142857,1.7642857142857142,1.1142857142857143,455.0
Provence,23.0,8.0,1.0,73.0,59.0,14.0,0.34782608695652173,0.043478260869565216,0.6086956521739131,3.1739130434782608,2.5652173913043477,14.0
Puerto Rico,163.0,41.0,26.0,205.0,382.0,96.0,0.25153374233128833,0.15950920245398773,0.588957055214724,1.2576687116564418,2.3435582822085887,-177.0
Qatar,638.0,260.0,156.0,897.0,777.0,222.0,0.40752351097178685,0.2445141065830721,0.34796238244514105,1.4059561128526645,1.2178683385579938,120.0
Quebec,3.0,2.0,0.0,24.0,2.0,1.0,0.6666666666666666,0.0,0.3333333333333333,8.0,0.6666666666666666,22.0
Raetia,26.0,6.0,5.0,43.0,103.0,15.0,0.23076923076923078,0.19230769230769232,0.5769230769230769,1.6538461538461537,3.9615384615384617,-60.0
Republic of Ireland,633.0,243.0,179.0,858.0,769.0,211.0,0.38388625592417064,0.28278041074249605,0.3333333333333333,1.3554502369668247,1.2148499210110584,89.0
Republic of St. Pauli,4.0,1.0,1.0,10.0,5.0,2.0,0.25,0.25,0.5,2.5,1.25,5.0
Rhodes,18.0,11.0,2.0,29.0,19.0,5.0,0.6111111111111112,0.1111111111111111,0.2777777777777778,1.6111111111111112,1.0555555555555556,10.0
Romani people,7.0,2.0,0.0,13.0,26.0,5.0,0.2857142857142857,0.0,0.7142857142857143,1.8571428571428572,3.7142857142857144,-13.0
Romania,766.0,335.0,195.0,1239.0,977.0,236.0,0.43733681462140994,0.2545691906005222,0.30809399477806787,1.6174934725848564,1.2754569190600522,262.0
Russia,749.0,385.0,197.0,1301.0,735.0,167.0,0.514018691588785,0.2630173564753004,0.22296395193591456,1.7369826435246996,0.9813084112149533,566.0
Rwanda,280.0,88.0,74.0,289.0,336.0,118.0,0.3142857142857143,0.2642857142857143,0.42142857142857143,1.0321428571428573,1.2,-47.0
Ryūkyū,1.0,0.0,0.0,0.0,9.0,1.0,0.0,0.0,1.0,0.0,9.0,-9.0
Réunion,124.0,53.0,22.0,219.0,220.0,49.0,0.4274193548387097,0.1774193548387097,0.3951612903225806,1.7661290322580645,1.7741935483870968,-1.0
Saare County,35.0,5.0,5.0,41.0,89.0,25.0,0.14285714285714285,0.14285714285714285,0.7142857142857143,1.1714285714285715,2.5428571428571427,-48.0
Saarland,9.0,1.0,2.0,10.0,26.0,6.0,0.1111111111111111,0.2222222222222222,0.6666666666666666,1.1111111111111112,2.888888888888889,-16.0
Saint Barthélemy,10.0,4.0,1.0,25.0,30.0,5.0,0.4,0.1,0.5,2.5,3.0,-5.0
Saint Helena,8.0,0.0,0.0,6.0,41.0,8.0,0.0,0.0,1.0,0.75,5.125,-35.0
Saint Kitts and Nevis,226.0,90.0,42.0,387.0,372.0,94.0,0.39823008849557523,0.18584070796460178,0.415929203539823,1.7123893805309736,1.6460176991150441,15.0
Saint Lucia,230.0,80.0,33.0,327.0,438.0,117.0,0.34782608695652173,0.14347826086956522,0.508695652173913,1.4217391304347826,1.9043478260869566,-111.0
Saint Martin,68.0,25.0,5.0,101.0,167.0,38.0,0.36764705882352944,0.07352941176470588,0.5588235294117647,1.4852941176470589,2.4558823529411766,-66.0
Saint Pierre and Miquelon,7.0,0.0,0.0,2.0,78.0,7.0,0.0,0.0,1.0,0.2857142857142857,11.142857142857142,-76.0
Saint Vincent and the Grenadines,236.0,88.0,51.0,372.0,442.0,97.0,0.3728813559322034,0.21610169491525424,0.4110169491525424,1.576271186440678,1.8728813559322033,-70.0
Samoa,71.0,22.0,4.0,99.0,249.0,45.0,0.30985915492957744,0.056338028169014086,0.6338028169014085,1.3943661971830985,3.507042253521127,-150.0
San Marino,225.0,3.0,11.0,44.0,890.0,211.0,0.013333333333333334,0.04888888888888889,0.9377777777777778,0.19555555555555557,3.9555555555555557,-846.0
Sark,4.0,0.0,0.0,0.0,70.0,4.0,0.0,0.0,1.0,0.0,17.5,-70.0
Saudi Arabia,744.0,351.0,172.0,1139.0,782.0,221.0,0.4717741935483871,0.23118279569892472,0.2970430107526882,1.5309139784946237,1.0510752688172043,357.0
Saugeais,1.0,0.0,1.0,1.0,1.0,0.0,0.0,1.0,0.0,1.0,1.0,0.0
Scotland,854.0,403.0,182.0,1455.0,1054.0,269.0,0.4718969555035129,0.21311475409836064,0.3149882903981265,1.7037470725995316,1.234192037470726,401.0
Sealand,12.0,4.0,5.0,27.0,30.0,3.0,0.3333333333333333,0.4166666666666667,0.25,2.25,2.5,-3.0
Seborga,1.0,0.0,0.0,2.0,3.0,1.0,0.0,0.0,1.0,2.0,3.0,-1.0
Senegal,642.0,299.0,169.0,892.0,608.0,174.0,0.4657320872274143,0.2632398753894081,0.27102803738317754,1.3894080996884735,0.9470404984423676,284.0
Serbia,348.0,155.0,89.0,531.0,382.0,104.0,0.4454022988505747,0.2557471264367816,0.2988505747126437,1.5258620689655173,1.0977011494252873,149.0
Seychelles,176.0,26.0,30.0,135.0,398.0,120.0,0.14772727272727273,0.17045454545454544,0.6818181818181818,0.7670454545454546,2.2613636363636362,-263.0
Shetland,58.0,21.0,9.0,101.0,113.0,28.0,0.3620689655172414,0.15517241379310345,0.4827586206896552,1.7413793103448276,1.9482758620689655,-12.0
Sierra Leone,301.0,91.0,78.0,290.0,415.0,132.0,0.3023255813953488,0.2591362126245847,0.43853820598006643,0.9634551495016611,1.3787375415282392,-125.0
Silesia,8.0,3.0,2.0,24.0,17.0,3.0,0.375,0.25,0.375,3.0,2.125,7.0
Singapore,696.0,219.0,141.0,938.0,1269.0,336.0,0.3146551724137931,0.2025862068965517,0.4827586206896552,1.3477011494252873,1.8232758620689655,-331.0
Sint Maarten,60.0,20.0,10.0,88.0,153.0,30.0,0.3333333333333333,0.16666666666666666,0.5,1.4666666666666666,2.55,-65.0
Slovakia,367.0,149.0,86.0,518.0,458.0,132.0,0.40599455040871935,0.23433242506811988,0.35967302452316074,1.4114441416893733,1.2479564032697548,60.0
Slovenia,317.0,114.0,86.0,392.0,372.0,117.0,0.35962145110410093,0.27129337539432175,0.36908517350157727,1.2365930599369086,1.1735015772870663,20.0
Solomon Islands,214.0,90.0,35.0,462.0,421.0,89.0,0.4205607476635514,0.16355140186915887,0.4158878504672897,2.1588785046728973,1.9672897196261683,41.0
Somalia,124.0,11.0,15.0,62.0,330.0,98.0,0.08870967741935484,0.12096774193548387,0.7903225806451613,0.5,2.661290322580645,-268.0
Somaliland,6.0,2.0,1.0,14.0,20.0,3.0,0.3333333333333333,0.16666666666666666,0.5,2.3333333333333335,3.3333333333333335,-6.0
South Africa,484.0,216.0,146.0,652.0,458.0,122.0,0.4462809917355372,0.30165289256198347,0.25206611570247933,1.3471074380165289,0.9462809917355371,194.0
South Korea,1010.0,539.0,252.0,1794.0,917.0,219.0,0.5336633663366337,0.2495049504950495,0.21683168316831683,1.7762376237623763,0.907920792079208,877.0
South Ossetia,17.0,5.0,3.0,35.0,37.0,9.0,0.29411764705882354,0.17647058823529413,0.5294117647058824,2.0588235294117645,2.176470588235294,-2.0
South Sudan,78.0,12.0,16.0,50.0,142.0,50.0,0.15384615384615385,0.20512820512820512,0.6410256410256411,0.6410256410256411,1.8205128205128205,-92.0
South Yemen,3.0,0.0,0.0,1.0,8.0,3.0,0.0,0.0,1.0,0.3333333333333333,2.6666666666666665,-7.0
Spain,788.0,464.0,183.0,1610.0,703.0,141.0,0.5888324873096447,0.23223350253807107,0.17893401015228427,2.0431472081218276,0.8921319796954315,907.0
Sri Lanka,251.0,49.0,47.0,237.0,576.0,155.0,0.1952191235059761,0.18725099601593626,0.6175298804780877,0.9442231075697212,2.2948207171314743,-339.0
Sudan,469.0,151.0,118.0,508.0,634.0,200.0,0.32196162046908317,0.2515991471215352,0.42643923240938164,1.0831556503198294,1.35181236673774,-126.0
Suriname,399.0,173.0,93.0,750.0,565.0,133.0,0.43358395989974935,0.23308270676691728,0.3333333333333333,1.8796992481203008,1.4160401002506267,185.0
Surrey,1.0,1.0,0.0,3.0,1.0,0.0,1.0,0.0,0.0,3.0,1.0,2.0
Sweden,1105.0,542.0,234.0,2178.0,1431.0,329.0,0.49049773755656106,0.21176470588235294,0.29773755656108597,1.9710407239819006,1.2950226244343892,747.0
Switzerland,888.0,319.0,205.0,1329.0,1448.0,364.0,0.35923423423423423,0.23085585585585586,0.4099099099099099,1.4966216216216217,1.6306306306306306,-119.0
Syria,484.0,173.0,120.0,692.0,638.0,191.0,0.3574380165289256,0.24793388429752067,0.39462809917355374,1.4297520661157024,1.3181818181818181,54.0
Székely Land,27.0,9.0,3.0,56.0,56.0,15.0,0.3333333333333333,0.1111111111111111,0.5555555555555556,2.074074074074074,2.074074074074074,0.0
Sápmi,29.0,12.0,2.0,90.0,54.0,15.0,0.41379310344827586,0.06896551724137931,0.5172413793103449,3.103448275862069,1.8620689655172413,36.0
São Tomé and Príncipe,71.0,9.0,10.0,53.0,182.0,52.0,0.1267605633802817,0.14084507042253522,0.7323943661971831,0.7464788732394366,2.563380281690141,-129.0
Tahiti,242.0,131.0,31.0,657.0,371.0,80.0,0.5413223140495868,0.128099173553719,0.3305785123966942,2.7148760330578514,1.5330578512396693,286.0
Taiwan,245.0,68.0,32.0,320.0,614.0,145.0,0.27755102040816326,0.1306122448979592,0.5918367346938775,1.3061224489795917,2.5061224489795917,-294.0
Tajikistan,201.0,78.0,43.0,299.0,278.0,80.0,0.3880597014925373,0.21393034825870647,0.39800995024875624,1.4875621890547264,1.3830845771144278,21.0
Tamil Eelam,28.0,16.0,0.0,72.0,61.0,12.0,0.5714285714285714,0.0,0.42857142857142855,2.5714285714285716,2.1785714285714284,11.0
Tanzania,599.0,163.0,171.0,660.0,892.0,265.0,0.27212020033388984,0.2854757929883139,0.44240400667779634,1.1018363939899833,1.4891485809682805,-232.0
Thailand,865.0,339.0,206.0,1390.0,1281.0,320.0,0.3919075144508671,0.23815028901734103,0.3699421965317919,1.606936416184971,1.4809248554913295,109.0
Tibet,21.0,1.0,2.0,30.0,121.0,18.0,0.047619047619047616,0.09523809523809523,0.8571428571428571,1.4285714285714286,5.761904761904762,-91.0
Ticino,2.0,0.0,0.0,2.0,13.0,2.0,0.0,0.0,1.0,1.0,6.5,-11.0
Timor-Leste,86.0,9.0,5.0,71.0,284.0,72.0,0.10465116279069768,0.05813953488372093,0.8372093023255814,0.8255813953488372,3.302325581395349,-213.0
Togo,447.0,141.0,114.0,492.0,620.0,192.0,0.31543624161073824,0.2550335570469799,0.42953020134228187,1.1006711409395973,1.3870246085011186,-128.0
Tonga,68.0,16.0,6.0,81.0,253.0,46.0,0.23529411764705882,0.08823529411764706,0.6764705882352942,1.1911764705882353,3.7205882352941178,-172.0
Trinidad and Tobago,753.0,321.0,164.0,1268.0,1007.0,268.0,0.4262948207171315,0.21779548472775564,0.3559096945551129,1.6839309428950864,1.3373173970783532,261.0
Tunisia,681.0,296.0,189.0,976.0,702.0,196.0,0.434654919236417,0.2775330396475771,0.2878120411160059,1.433186490455213,1.0308370044052864,274.0
Turkey,645.0,260.0,152.0,902.0,909.0,233.0,0.40310077519379844,0.23565891472868217,0.3612403100775194,1.3984496124031007,1.4093023255813955,-7.0
Turkmenistan,175.0,64.0,32.0,265.0,266.0,79.0,0.3657142857142857,0.18285714285714286,0.4514285714285714,1.5142857142857142,1.52,-1.0
Turks and Caicos Islands,52.0,12.0,6.0,52.0,187.0,34.0,0.23076923076923078,0.11538461538461539,0.6538461538461539,1.0,3.5961538461538463,-135.0
Tuvalu,39.0,8.0,4.0,45.0,208.0,27.0,0.20512820512820512,0.10256410256410256,0.6923076923076923,1.1538461538461537,5.333333333333333,-163.0
Two Sicilies,6.0,1.0,0.0,3.0,18.0,5.0,0.16666666666666666,0.0,0.8333333333333334,0.5,3.0,-15.0
Uganda,685.0,285.0,182.0,1030.0,809.0,218.0,0.41605839416058393,0.2656934306569343,0.3182481751824818,1.5036496350364963,1.181021897810219,221.0
Ukraine,338.0,152.0,94.0,475.0,358.0,92.0,0.44970414201183434,0.2781065088757396,0.27218934911242604,1.4053254437869822,1.0591715976331362,117.0
United Arab Emirates,612.0,246.0,152.0,867.0,760.0,214.0,0.4019607843137255,0.24836601307189543,0.34967320261437906,1.4166666666666667,1.2418300653594772,107.0
United Koreans in Japan,12.0,3.0,6.0,20.0,11.0,3.0,0.25,0.5,0.25,1.6666666666666667,0.9166666666666666,9.0
United States,795.0,354.0,161.0,1210.0,1052.0,280.0,0.44528301886792454,0.20251572327044026,0.3522012578616352,1.5220125786163523,1.3232704402515723,158.0
United States Virgin Islands,78.0,10.0,12.0,54.0,295.0,56.0,0.1282051282051282,0.15384615384615385,0.717948717948718,0.6923076923076923,3.782051282051282,-241.0
Uruguay,973.0,428.0,242.0,1537.0,1182.0,303.0,0.4398766700924974,0.24871531346351491,0.3114080164439877,1.579650565262076,1.2147995889003083,355.0
Uzbekistan,357.0,169.0,73.0,615.0,405.0,115.0,0.4733893557422969,0.20448179271708683,0.32212885154061627,1.7226890756302522,1.134453781512605,210.0
Vanuatu,214.0,69.0,29.0,403.0,460.0,116.0,0.32242990654205606,0.13551401869158877,0.5420560747663551,1.8831775700934579,2.149532710280374,-57.0
Vatican City,8.0,0.0,3.0,6.0,21.0,5.0,0.0,0.375,0.625,0.75,2.625,-15.0
Venezuela,460.0,117.0,101.0,483.0,856.0,242.0,0.2543478260869565,0.21956521739130436,0.5260869565217391,1.05,1.8608695652173912,-373.0
Vietnam,297.0,128.0,59.0,489.0,406.0,110.0,0.43097643097643096,0.19865319865319866,0.37037037037037035,1.6464646464646464,1.367003367003367,83.0
Vietnam Republic,195.0,82.0,37.0,364.0,312.0,76.0,0.4205128205128205,0.18974358974358974,0.38974358974358975,1.8666666666666667,1.6,52.0
Wales,726.0,234.0,165.0,910.0,1160.0,327.0,0.32231404958677684,0.22727272727272727,0.45041322314049587,1.2534435261707988,1.5977961432506886,-250.0
Wallis Islands and Futuna,24.0,5.0,0.0,23.0,109.0,19.0,0.20833333333333334,0.0,0.7916666666666666,0.9583333333333334,4.541666666666667,-86.0
West Papua,2.0,0.0,1.0,3.0,9.0,1.0,0.0,0.5,0.5,1.5,4.5,-6.0
Western Armenia,16.0,5.0,4.0,34.0,20.0,7.0,0.3125,0.25,0.4375,2.125,1.25,14.0
Western Australia,32.0,11.0,3.0,63.0,75.0,18.0,0.34375,0.09375,0.5625,1.96875,2.34375,-12.0
Western Isles,34.0,13.0,4.0,51.0,77.0,17.0,0.38235294117647056,0.11764705882352941,0.5,1.5,2.264705882352941,-26.0
Western Sahara,9.0,2.0,1.0,16.0,38.0,6.0,0.2222222222222222,0.1111111111111111,0.6666666666666666,1.7777777777777777,4.222222222222222,-22.0
Yemen,266.0,53.0,54.0,259.0,577.0,159.0,0.19924812030075187,0.20300751879699247,0.5977443609022557,0.9736842105263158,2.169172932330827,-318.0
Yemen DPR,25.0,5.0,3.0,25.0,69.0,17.0,0.2,0.12,0.68,1.0,2.76,-44.0
Ynys Môn,67.0,37.0,11.0,125.0,96.0,19.0,0.5522388059701493,0.16417910447761194,0.2835820895522388,1.8656716417910448,1.4328358208955223,29.0
Yorkshire,7.0,5.0,1.0,27.0,11.0,1.0,0.7142857142857143,0.14285714285714285,0.14285714285714285,3.857142857142857,1.5714285714285714,16.0
Yoruba Nation,2.0,0.0,1.0,1.0,2.0,1.0,0.0,0.5,0.5,0.5,1.0,-1.0
Yugoslavia,483.0,223.0,98.0,942.0,756.0,162.0,0.4616977225672878,0.2028985507246377,0.33540372670807456,1.950310559006211,1.565217391304348,186.0
Zambia,793.0,358.0,203.0,1234.0,851.0,232.0,0.4514501891551072,0.25598991172761665,0.29255989911727615,1.5561160151324085,1.073139974779319,383.0
Zanzibar,209.0,44.0,41.0,191.0,436.0,124.0,0.21052631578947367,0.19617224880382775,0.5933014354066986,0.9138755980861244,2.0861244019138754,-245.0
Zimbabwe,496.0,190.0,139.0,660.0,591.0,167.0,0.38306451612903225,0.28024193548387094,0.33669354838709675,1.3306451612903225,1.1915322580645162,69.0
Åland Islands,51.0,21.0,8.0,77.0,86.0,22.0,0.4117647058823529,0.1568627450980392,0.43137254901960786,1.5098039215686274,1.6862745098039216,-9.0
